scenario,model,imbalance_mode,macro_f1,weighted_f1,accuracy,best_epoch,epochs_ran,best_val_f1,n_scenarios,f1_Attack,support_Attack,f1_Benign,support_Benign,f1_C&C,support_C&C,f1_C&C-HeartBeat,support_C&C-HeartBeat,f1_DDoS,support_DDoS,f1_Okiru,support_Okiru,f1_Okiru-Attack,support_Okiru-Attack,f1_PartOfAHorizontalPortScan,support_PartOfAHorizontalPortScan
POOLED,egraphsage,none,0.864308267100099,0.9850918142325608,0.9851183094399524,150,150,0.8636192542372862,6,0.9702533969886155,1328,0.9773075191355245,11289,0.9891956782713085,1650,0.9996797950688441,3122,0.9949380345610054,2879,1.0,4022,0.0,1,0.9830917127754938,16027
POOLED,egraphsage,class_weight,0.8773151305403201,0.9841753602956365,0.9840269854655489,88,108,0.8596863013318357,6,0.9597680318956143,1328,0.9744861161197259,11289,0.9838805970149254,1650,1.0,3122,0.9996525364836693,2879,0.9997513056453619,4022,0.11764705882352941,1,0.9833353983397348,16027
POOLED,egraphsage,undersample,0.862561434220276,0.9804979910032531,0.9804776229357235,105,125,0.8625044542081957,6,0.9664967225054625,1328,0.975647154324885,11270,0.9894989498949895,1651,0.9998409416255766,3143,0.9966380276428838,1342,0.9998416970080735,3159,0.0,0,0.9725279807603366,10685
