scenario,model,imbalance_mode,macro_f1,weighted_f1,accuracy,best_epoch,epochs_ran,best_val_f1,n_scenarios,f1_Attack,support_Attack,f1_Benign,support_Benign,f1_C&C,support_C&C,f1_C&C-HeartBeat,support_C&C-HeartBeat,f1_DDoS,support_DDoS,f1_Okiru,support_Okiru,f1_Okiru-Attack,support_Okiru-Attack,f1_PartOfAHorizontalPortScan,support_PartOfAHorizontalPortScan
POOLED,egraphsage,class_weight,0.8773151305403201,0.9841753602956365,0.9840269854655489,88,108,0.8596863013318357,6,0.9597680318956143,1328,0.9744861161197259,11289,0.9838805970149254,1650,1.0,3122,0.9996525364836693,2879,0.9997513056453619,4022,0.11764705882352941,1,0.9833353983397348,16027
POOLED,gat,class_weight,0.6229086462951585,0.7680624698032271,0.8085966565801875,119,139,0.6181612024087815,6,0.9527587450414713,1328,0.9748734634851771,11289,0.6251744348311471,1650,0.6359537345618507,3122,0.9949380345610054,2879,0.0,4022,0.0,1,0.799570757880617,16027
POOLED,sage_edge_concat,class_weight,0.8371380932736079,0.9674779477620297,0.9674090976734957,47,67,0.8341829027359472,6,0.9003740224413465,1328,0.9477390659747962,11289,0.8981001727115717,1650,0.999839871897518,3122,0.9724522562109177,2879,0.9997513056453619,4022,0.0,1,0.9788480513073508,16027
POOLED,graphsage,class_weight,0.24887337471132492,0.44504536243188464,0.5418919589265341,35,55,0.24528820832166381,6,0.7597254004576659,1328,0.5907568653717348,11289,0.0,1650,0.0,3122,0.0,2879,0.0,4022,0.0,1,0.6405047318611987,16027
POOLED,gcn,class_weight,0.47296785442372546,0.4679084406865883,0.5862145939778759,35,55,0.46791586975084787,6,0.7835420393559929,1328,0.07345818534065224,11289,0.49567198177676536,1650,0.8328664799253035,3122,0.9155131264916467,2879,0.0,4022,0.0,1,0.6826910224994431,16027
