held_out,macro_f1,weighted_f1,accuracy,best_epoch,best_val_f1,n_unseen_in_train,f1_Attack,support_Attack,f1_Benign,support_Benign,f1_C&C,support_C&C,f1_C&C-HeartBeat,support_C&C-HeartBeat,f1_DDoS,support_DDoS,f1_Okiru,support_Okiru,f1_Okiru-Attack,support_Okiru-Attack,f1_PartOfAHorizontalPortScan,support_PartOfAHorizontalPortScan
1-1,0.08944804780611561,0.3577206470950434,0.4422865426914617,48.0,0.5965899756925727,0.0,0.0,0.0,0.12468945936353958,20000.0,0.0,8.0,0.0,0.0,0.0,0.0,0.0,0.0,0.0,0.0,0.5908949230853853,20000.0
3-1,0.16303212462613237,0.6571854456679002,0.6604602373303612,26.0,0.5412909258203219,0.0,0.0,5962.0,0.3903932187426419,4536.0,0.0,8.0,0.0,0.0,0.0,0.0,0.0,0.0,0.0,0.0,0.913863778266417,20000.0
34-1,0.11991913696383558,0.07853460382063324,0.0791099589544178,81.0,0.40199735722855356,1.0,0.0,0.0,0.9442766950315674,1923.0,0.0,6706.0,0.0,0.0,0.0,14394.0,0.0,0.0,0.0,0.0,0.015076400679117148,122.0
36-1,0.0314434708067435,0.01746549778554684,0.06885852844553371,35.0,0.32959346992783434,3.0,0.0,0.0,0.251547766453948,2663.0,0.0,0.0,0.0,15688.0,0.0,0.0,0.0,20000.0,0.0,3.0,0.0,0.0
39-1,0.2404040283103355,0.869324389775132,0.8756431085838072,27.0,0.509247916292172,0.0,0.16353887399463807,677.0,0.7597933424890458,7337.0,0.0,1530.0,0.0,0.0,0.0,0.0,0.0,0.0,0.0,0.0,0.9999000099990001,20000.0
9-1,0.06980021315488032,0.27920085261952127,0.386925,15.0,0.37176267347593006,0.0,0.0,0.0,0.5578653204723699,20000.0,0.0,0.0,0.0,0.0,0.0,0.0,0.0,0.0,0.0,0.0,0.0005363847666726265,20000.0
MEAN,0.1190078369446738,0.37657190612729613,0.41888056266759693,38.666666666666664,0.45841371973956413,0.6666666666666666,0.027256478999106343,1106.5,0.5047609670921854,9409.833333333334,0.0,1375.3333333333333,0.0,2614.6666666666665,0.0,2399.0,0.0,3333.3333333333335,0.0,0.5,0.42004524946609867,13353.666666666666
