held_out,macro_f1,weighted_f1,accuracy,best_epoch,best_val_f1,n_unseen_in_train,f1_Attack,support_Attack,f1_Benign,support_Benign,f1_C&C,support_C&C,f1_C&C-HeartBeat,support_C&C-HeartBeat,f1_DDoS,support_DDoS,f1_Okiru,support_Okiru,f1_Okiru-Attack,support_Okiru-Attack,f1_PartOfAHorizontalPortScan,support_PartOfAHorizontalPortScan
1-1,0.08811927511045692,0.352406619118004,0.4942761447710458,43.0,0.2865160856177875,0.0,0.0,0.0,0.049316382825617656,20000.0,0.0,8.0,0.0,0.0,0.0,0.0,0.0,0.0,0.0,0.0,0.6556378180580377,20000.0
3-1,0.1792342064903176,0.7041066540650867,0.7595554972792238,8.0,0.16690418916680605,0.0,0.0,5962.0,0.4654678899082569,4536.0,0.0,8.0,0.0,0.0,0.0,0.0,0.0,0.0,0.0,0.0,0.968405762014284,20000.0
34-1,0.12033242360390078,0.07910872133884318,0.0830848995463383,148.0,0.33219052903546525,1.0,0.0,0.0,0.951430821737989,1923.0,0.0,6706.0,0.0,0.0,0.0,14394.0,0.0,0.0,0.0,0.0,0.011228567093217338,122.0
36-1,0.11552801289802499,0.06417085015329625,0.059785159305417945,55.0,0.3211743028931259,3.0,0.0,0.0,0.9242241031841999,2663.0,0.0,0.0,0.0,15688.0,0.0,0.0,0.0,20000.0,0.0,3.0,0.0,0.0
39-1,0.2510856805938272,0.755766468747327,0.7973192526401299,47.0,0.2443914664754498,0.0,0.551594746716698,677.0,0.5675494789176786,7337.0,0.0,1530.0,0.0,0.0,0.0,0.0,0.0,0.0,0.0,0.0,0.8895412191162408,20000.0
9-1,0.1857641986573922,0.7430567946295688,0.758025,24.0,0.2238107041366197,0.0,0.0,0.0,0.6807822960984137,20000.0,0.0,0.0,0.0,0.0,0.0,0.0,0.0,0.0,0.0,0.0,0.8053312931607239,20000.0
MEAN,0.1566772995589866,0.44976935134202095,0.4920076589236926,54.166666666666664,0.26249787955420906,0.6666666666666666,0.09193245778611632,1106.5,0.6064618287786926,9409.833333333334,0.0,1375.3333333333333,0.0,2614.6666666666665,0.0,2399.0,0.0,3333.3333333333335,0.0,0.5,0.555024109907084,13353.666666666666
