held_out,macro_f1,weighted_f1,accuracy,best_epoch,best_val_f1,n_unseen_in_train,f1_Attack,support_Attack,f1_Benign,support_Benign,f1_C&C,support_C&C,f1_C&C-HeartBeat,support_C&C-HeartBeat,f1_DDoS,support_DDoS,f1_Okiru,support_Okiru,f1_Okiru-Attack,support_Okiru-Attack,f1_PartOfAHorizontalPortScan,support_PartOfAHorizontalPortScan
1-1,0.19874638944662212,0.7948265924679949,0.6930363927214557,101.0,0.8705517395527582,0.0,0.0,0.0,0.9404059568053642,20000.0,0.0,8.0,0.0,0.0,0.0,0.0,0.0,0.0,0.0,0.0,0.6495651587676128,20000.0
3-1,0.4181745455026902,0.967262926384545,0.9422736510850325,140.0,0.863998402273146,0.0,0.9879417183051415,5962.0,0.9867645423200979,4536.0,0.41379310344827586,8.0,0.0,0.0,0.0,0.0,0.0,0.0,0.0,0.0,0.956896999948006,20000.0
34-1,0.091605050063872,0.015866683505006696,0.08615251674227695,149.0,0.7436059476548943,1.0,0.0,0.0,0.150993698497334,1923.0,0.0008943210612609927,6706.0,0.0,0.0,0.0,14394.0,0.0,0.0,0.0,0.0,0.580952380952381,122.0
36-1,0.12483592724545284,0.06934099687222003,0.06943213224174792,143.0,0.6189430561051195,3.0,0.0,0.0,0.9986874179636227,2663.0,0.0,0.0,0.0,15688.0,0.0,0.0,0.0,20000.0,0.0,3.0,0.0,0.0
39-1,0.3173310852975744,0.9280106750875221,0.9451665312753859,59.0,0.858849951901288,0.0,0.5337711069418386,677.0,0.9540207395812953,7337.0,0.05203045685279188,1530.0,0.0,0.0,0.0,0.0,0.0,0.0,0.0,0.0,0.9988263790046695,20000.0
9-1,0.24949828292971638,0.9979931317188653,0.996175,111.0,0.8607911060865987,0.0,0.0,0.0,0.9961612765637153,20000.0,0.0,0.0,0.0,0.0,0.0,0.0,0.0,0.0,0.0,0.0,0.9998249868740156,20000.0
MEAN,0.2333652134143213,0.6288835010060257,0.6220393706776498,117.16666666666667,0.8027900339289675,0.6666666666666666,0.25361880420783,1106.5,0.8378389386219048,9409.833333333334,0.07778631356038812,1375.3333333333333,0.0,2614.6666666666665,0.0,2399.0,0.0,3333.3333333333335,0.0,0.5,0.6976776509244474,13353.666666666666
