held_out,macro_f1,weighted_f1,accuracy,best_epoch,best_val_f1,n_unseen_in_train,f1_Attack,support_Attack,f1_Benign,support_Benign,f1_C&C,support_C&C,f1_C&C-HeartBeat,support_C&C-HeartBeat,f1_DDoS,support_DDoS,f1_Okiru,support_Okiru,f1_Okiru-Attack,support_Okiru-Attack,f1_PartOfAHorizontalPortScan,support_PartOfAHorizontalPortScan
1-1,0.2058010475352477,0.8230395822245459,0.7322785442911418,149.0,0.870802145305485,0.0,0.0,0.0,0.9415805771682844,20000.0,0.0,8.0,0.0,0.0,0.0,0.0,0.0,0.0,0.0,0.0,0.7048278031136971,20000.0
3-1,0.39763088448516815,0.9921583055559611,0.9914770864747918,84.0,0.8078348651376717,0.0,0.9841505695889053,5962.0,0.9707814269535674,4536.0,0.22641509433962265,8.0,0.0,0.0,0.0,0.0,0.0,0.0,0.0,0.0,0.99969998499925,20000.0
34-1,0.09196723143782651,0.0176598244893799,0.08697342838626053,150.0,0.7343174861835106,1.0,0.0,0.0,0.1510410349706893,1923.0,0.007131184073688902,6706.0,0.0,0.0,0.0,14394.0,0.0,0.0,0.0,0.0,0.5775656324582339,122.0
36-1,0.12483592724545284,0.06934099687222003,0.06943213224174792,69.0,0.6102459993419933,3.0,0.0,0.0,0.9986874179636227,2663.0,0.0,0.0,0.0,15688.0,0.0,0.0,0.0,20000.0,0.0,3.0,0.0,0.0
39-1,0.29839467216912674,0.9149307478275427,0.9278702951529921,65.0,0.8575187831200294,0.0,0.46214823622671425,677.0,0.9304543287242013,7337.0,0.0,1530.0,0.0,0.0,0.0,0.0,0.0,0.0,0.0,0.0,0.9945548124020985,20000.0
9-1,0.24824887221911962,0.9929954888764784,0.9864,42.0,0.684707902418331,0.0,0.0,0.0,0.9862159833780976,20000.0,0.0,0.0,0.0,0.0,0.0,0.0,0.0,0.0,0.0,0.0,0.9997749943748594,20000.0
MEAN,0.22781310584865688,0.635020824307688,0.6324052477578224,93.16666666666667,0.7609045302511702,0.6666666666666666,0.24104980096926995,1106.5,0.8297934615264104,9409.833333333334,0.03892437973555193,1375.3333333333333,0.0,2614.6666666666665,0.0,2399.0,0.0,3333.3333333333335,0.0,0.5,0.7127372045580231,13353.666666666666
