held_out,macro_f1,weighted_f1,accuracy,best_epoch,best_val_f1,n_unseen_in_train,f1_Attack,support_Attack,f1_Benign,support_Benign,f1_C&C,support_C&C,f1_C&C-HeartBeat,support_C&C-HeartBeat,f1_DDoS,support_DDoS,f1_Okiru,support_Okiru,f1_Okiru-Attack,support_Okiru-Attack,f1_PartOfAHorizontalPortScan,support_PartOfAHorizontalPortScan
1-1,0.22484711920827,0.8992086351060585,0.8513547290541892,139.0,0.7902149760942563,0.0,0.0,0.0,0.9417031022277743,20000.0,0.0,8.0,0.0,0.0,0.0,0.0,0.0,0.0,0.0,0.0,0.8570738514383855,20000.0
3-1,0.24516110760348697,0.7912777749172547,0.7815839506982233,80.0,0.49320366333026777,0.0,0.0,5962.0,0.9730632235084595,4536.0,0.001981178801386825,8.0,0.0,0.0,0.0,0.0,0.0,0.0,0.0,0.0,0.9862444585180494,20000.0
34-1,0.12083326402070303,0.0793638189056252,0.08351695830632966,69.0,0.3319066103437084,1.0,0.0,0.0,0.9544377139847248,1923.0,0.0,6706.0,0.0,0.0,0.0,14394.0,0.0,0.0,0.0,0.0,0.012228398180899444,122.0
36-1,0.016849038726044565,0.009358917479784465,0.05749074412056109,2.0,0.17445387458705436,3.0,0.0,0.0,0.13479230980835652,2663.0,0.0,0.0,0.0,15688.0,0.0,0.0,0.0,20000.0,0.0,3.0,0.0,0.0
39-1,0.2918368476858191,0.8501197458376263,0.872055239642567,41.0,0.48622328121467634,0.0,0.550656660412758,677.0,0.8058883407720617,7337.0,0.03966730646193218,1530.0,0.0,0.0,0.0,0.0,0.0,0.0,0.0,0.0,0.938482473839801,20000.0
9-1,0.21209790399822567,0.8483916159929027,0.7677,83.0,0.5030150852000753,0.0,0.0,0.0,0.6974078416047935,20000.0,0.0,0.0,0.0,0.0,0.0,0.0,0.0,0.0,0.0,0.0,0.9993753903810119,20000.0
MEAN,0.18527088020709157,0.579620084706542,0.568950270303645,69.0,0.4631695817950065,0.6666666666666666,0.091776110068793,1106.5,0.7512154219843618,9409.833333333334,0.006941414210553168,1375.3333333333333,0.0,2614.6666666666665,0.0,2399.0,0.0,3333.3333333333335,0.0,0.5,0.6322340953930246,13353.666666666666
