held_out,macro_f1,weighted_f1,accuracy,best_epoch,best_val_f1,n_unseen_in_train,f1_Attack,support_Attack,f1_Benign,support_Benign,f1_C&C,support_C&C,f1_C&C-HeartBeat,support_C&C-HeartBeat,f1_DDoS,support_DDoS,f1_Okiru,support_Okiru,f1_Okiru-Attack,support_Okiru-Attack,f1_PartOfAHorizontalPortScan,support_PartOfAHorizontalPortScan
1-1,0.190532191479658,0.7619763706445031,0.6598180363927214,122.0,0.8706665420700919,0.0,0.0,0.0,0.9414825800744152,20000.0,0.0,8.0,0.0,0.0,0.0,0.0,0.0,0.0,0.0,0.0,0.5827749517628487,20000.0
3-1,0.22338340669278245,0.6209331519602229,0.5692650626106339,6.0,0.42419761122605815,0.0,0.9816612729234089,5962.0,0.1952015900056786,4536.0,0.0,8.0,0.0,0.0,0.0,0.0,0.0,0.0,0.0,0.0,0.6102043906131719,20000.0
34-1,0.24674030504297428,0.3695065514233021,0.3680708576366386,146.0,0.7426512415686074,1.0,0.0,0.0,0.970281124497992,1923.0,0.9969523526351,6706.0,0.0,0.0,0.0,14394.0,0.0,0.0,0.0,0.0,0.006688963210702341,122.0
36-1,0.12478897017445133,0.06931491423571234,0.06937998644209209,147.0,0.6172118037630608,3.0,0.0,0.0,0.9983117613956106,2663.0,0.0,0.0,0.0,15688.0,0.0,0.0,0.0,20000.0,0.0,3.0,0.0,0.0
39-1,0.19831774027744653,0.641374572790798,0.7254603303547251,7.0,0.4718617971129624,0.0,0.5330376940133038,677.0,0.19601837672281777,7337.0,0.0,1530.0,0.0,0.0,0.0,0.0,0.0,0.0,0.0,0.0,0.8574858514834506,20000.0
9-1,0.24925743257496774,0.997029730299871,0.995675,147.0,0.8637561223592607,0.0,0.0,0.0,0.9956573035118106,20000.0,0.0,0.0,0.0,0.0,0.0,0.0,0.0,0.0,0.0,0.0,0.9984021570879313,20000.0
MEAN,0.20550334104038004,0.5766892152257349,0.5646115455728019,95.83333333333333,0.6650575196833403,0.6666666666666666,0.2524498278227854,1106.5,0.7161587893680541,9409.833333333334,0.16615872543918334,1375.3333333333333,0.0,2614.6666666666665,0.0,2399.0,0.0,3333.3333333333335,0.0,0.5,0.5092593856930175,13353.666666666666
