scenario,detailed-label,count,percent
3-1,Attack,5000,34.378437843784376
3-1,PartOfAHorizontalPortScan,5000,34.378437843784376
3-1,Benign,4536,31.18811881188119
3-1,C&C,8,0.05500550055005501
34-1,C&C,5000,41.511000415110004
34-1,DDoS,5000,41.511000415110004
34-1,Benign,1923,15.965130759651307
34-1,PartOfAHorizontalPortScan,122,1.012868410128684
